{"title_back":"","system_error_title":"ID not complete","system_error_msg":"Please make sure the ID is fully visible, glare-free and not blurry.","system_error_got_it":"Okay","network_error_title":"Internet connection failed","network_error_msg":"Please check your internet connection and try again.","network_error_retry":"Retry","network_error_exit":"Quit","zdoc_title":"","zdoc_submit":"Submit","zdoc_retry":"Retake","zdoc_processing":"Processing...","zdoc_success":"Processing...","zdoc_user_cancel_title":"Quit this step?","zdoc_user_cancel_msg":"You’ll need to re-do this step if you quit now.","zdoc_user_cancel_stay":"Stay","zdoc_user_cancel_quit":"Quit","zdoc_camera_permission_title":"No camera permission","zdoc_camera_permission_msg":"Please allow the application to access your camera, or go back and try again.","zdoc_camera_permission_not_allow":"Quit","zdoc_camera_permission_settings":"Go Settings","zdoc_retry_max_title":"Too many attempts","zdoc_retry_max_msg":"You have reached the maximum number of attempts. Please try again later.","zdoc_retry_max_got_it":"Okay","zdoc_expired_document_title":"ID expired","zdoc_expired_document_msg":"Make sure your ID is not expired.","zdoc_noface_title":"ID not complete","zdoc_noface_msg":"Make sure the photo of your face can be seen clearly.","zdoc_exposure_title":"ID not complete","zdoc_exposure_msg":"Please make sure the ID is fully visible, glare-free and not blurry.","zdoc_blur_title":"ID not complete","zdoc_blur_msg":"Please make sure the ID is fully visible, glare-free and not blurry.","zdoc_imperfect_title":"ID not complete","zdoc_imperfect_msg":"Please make sure the ID is fully visible, glare-free and not blurry.","zdoc_wrong_document_title":"No ID detected","zdoc_wrong_document_msg":"Make sure you are scanning the correct ID type.","zdoc_unknow_title":"No ID detected","zdoc_unknow_msg":"Make sure you are scanning the correct ID type.","zdoc_no_document_title":"No ID detected","zdoc_no_document_msg":"Make sure you are scanning the correct ID type.","zdoc_dialog_close":"Quit","zdoc_dialog_retry":"Retry","zface_title":"","zface_no_face":"Please move your face within the circle","zface_not_in_center":"Please move your face within the circle","zface_bad_pitch":"Please move your face within the circle","zface_bad_yaw":"Please move your face within the circle","zface_bad_quality":"Please move your face within the circle","zface_distance_too_far":"Please move your phone closer to your face","zface_distance_too_close":"Please move your phone further from your face","zface_bad_brightness":"Please take your picture in a more brightly-lit area","zface_bad_eye_openness":"Please ensure your eyes are open while taking the picture","zface_blink_openness":"Please blink while taking the picture","zface_stack_time":"Please stay still while taking the picture","zface_is_blur":"Please take your picture in a more brightly lit area","zface_is_moving":"Please take your picture in a more brightly lit area","zface_processing":"Processing...","zface_user_cancel_title":"Quit this step?","zface_user_cancel_msg":"You’ll need to re-do this step if you quit now.","zface_user_cancel_stay":"Stay","zface_user_cancel_quit":"Quit","zface_camera_without_permission_title":"No camera permission","zface_camera_without_permission_msg":"Please allow the application to access your camera, or go back and try again.","zface_camera_without_permission_go_settings":"Go Settings","zface_camera_without_permission_quit":"Quit","zface_retry_max_title":"Too many attempts","zface_retry_max_msg":"You have reached the maximum number of attempts. Please try again later.","zface_retry_max_got_it":"Okay","zface_scan_fail_title":"Face verification failed","zface_scan_fail_msg":"Face directly at your phone and ensure your face is brightly-lit and clear.","zface_scan_fail_retry":"Retry","zface_scan_fail_quit":"Quit","zface_time_out_title":"Operation timeout","zface_time_out_msg":"Please ensure your face is brightly-lit and clear, then try again.","zface_time_out_retry":"Retry","zface_time_out_quit":"Quit","zface_interrupt_title":"Face verification failed","zface_interrupt_msg":"Face directly at your phone and ensure your face is brightly-lit and clear.","zface_interrupt_retry":"Retry","zface_interrupt_close":"Quit","zface_device_unsupport_msg":"Face verification is not supported on this device.","zface_device_unsupport_got_it":"Okay","zface_camera_init_error_msg":"Face verification is not supported on this device.","zface_camera_init_error_got_it":"Okay","zdoc_scan_tips_detail":"Ensure your ID detail page is visible in the frame.","zdoc_msg_too_far":"Move closer","zdoc_msg_too_close":"Move farther","zdoc_msg_integrity":"Move farther","zdoc_msg_tilting":"Avoid tilting","zdoc_msg_shadow":"Avoid shadow","zdoc_msg_occlusion":"Avoid obstruction","zdoc_msg_reflection":"Avoid reflection","zdoc_msg_blur":"Stay still","zdoc_msg_stack_time":"Perfect","zdoc_tips_00600000001_1":"Front page of ID","zdoc_msg_no_card_00600000001_1":"Let's scan the front of your MyKad.","zdoc_msg_wrong_card_00600000001_1":"Scan the front side of MyKad","zdoc_tips_00600000001_2":"Back page of ID","zdoc_msg_no_card_00600000001_2":"Let's scan the back of your MyKad.","zdoc_msg_wrong_card_00600000001_2":"Scan the back side of MyKad","zdoc_tips_00000001003_1":"Front page of passport","zdoc_msg_no_card_00000001003_1":"Scan the detail page of your passport","zdoc_msg_wrong_card_00000001003_1":"Scan the detail page of Passport"}